Any,Codi_districte,Nom_districte,Codi_barri,Nom_barri,Tipus_Vehicles,Nacionalitat_propietari,Nombre
2019,1,Ciutat Vella,1,el Raval,Turismes,Nacionalitat espanyola,4336
2019,1,Ciutat Vella,1,el Raval,Turismes,Altres nacionalitats,1416
2019,1,Ciutat Vella,1,el Raval,Motos,Nacionalitat espanyola,2227
2019,1,Ciutat Vella,1,el Raval,Motos,Altres nacionalitats,796
2019,1,Ciutat Vella,1,el Raval,Ciclomotors,Nacionalitat espanyola,931
2019,1,Ciutat Vella,1,el Raval,Ciclomotors,Altres nacionalitats,384
2019,1,Ciutat Vella,1,el Raval,Furgonetes,Nacionalitat espanyola,596
2019,1,Ciutat Vella,1,el Raval,Furgonetes,Altres nacionalitats,276
2019,1,Ciutat Vella,1,el Raval,Camions,Nacionalitat espanyola,246
2019,1,Ciutat Vella,1,el Raval,Camions,Altres nacionalitats,89
2019,1,Ciutat Vella,1,el Raval,Altres vehicles,Nacionalitat espanyola,178
2019,1,Ciutat Vella,1,el Raval,Altres vehicles,Altres nacionalitats,14
2019,1,Ciutat Vella,2,el Barri Gòtic,Turismes,Nacionalitat espanyola,4255
2019,1,Ciutat Vella,2,el Barri Gòtic,Turismes,Altres nacionalitats,564
2019,1,Ciutat Vella,2,el Barri Gòtic,Motos,Nacionalitat espanyola,3501
2019,1,Ciutat Vella,2,el Barri Gòtic,Motos,Altres nacionalitats,405
2019,1,Ciutat Vella,2,el Barri Gòtic,Ciclomotors,Nacionalitat espanyola,420
2019,1,Ciutat Vella,2,el Barri Gòtic,Ciclomotors,Altres nacionalitats,100
2019,1,Ciutat Vella,2,el Barri Gòtic,Furgonetes,Nacionalitat espanyola,1482
2019,1,Ciutat Vella,2,el Barri Gòtic,Furgonetes,Altres nacionalitats,79
2019,1,Ciutat Vella,2,el Barri Gòtic,Camions,Nacionalitat espanyola,933
2019,1,Ciutat Vella,2,el Barri Gòtic,Camions,Altres nacionalitats,13
2019,1,Ciutat Vella,2,el Barri Gòtic,Altres vehicles,Nacionalitat espanyola,353
2019,1,Ciutat Vella,2,el Barri Gòtic,Altres vehicles,Altres nacionalitats,11
2019,1,Ciutat Vella,3,la Barceloneta,Turismes,Nacionalitat espanyola,2638
2019,1,Ciutat Vella,3,la Barceloneta,Turismes,Altres nacionalitats,525
2019,1,Ciutat Vella,3,la Barceloneta,Motos,Nacionalitat espanyola,1437
2019,1,Ciutat Vella,3,la Barceloneta,Motos,Altres nacionalitats,404
2019,1,Ciutat Vella,3,la Barceloneta,Ciclomotors,Nacionalitat espanyola,410
2019,1,Ciutat Vella,3,la Barceloneta,Ciclomotors,Altres nacionalitats,101
2019,1,Ciutat Vella,3,la Barceloneta,Furgonetes,Nacionalitat espanyola,384
2019,1,Ciutat Vella,3,la Barceloneta,Furgonetes,Altres nacionalitats,65
2019,1,Ciutat Vella,3,la Barceloneta,Camions,Nacionalitat espanyola,98
2019,1,Ciutat Vella,3,la Barceloneta,Camions,Altres nacionalitats,13
2019,1,Ciutat Vella,3,la Barceloneta,Altres vehicles,Nacionalitat espanyola,85
2019,1,Ciutat Vella,3,la Barceloneta,Altres vehicles,Altres nacionalitats,8
2019,1,Ciutat Vella,4,"Sant Pere, Santa Caterina i la Ribera",Turismes,Nacionalitat espanyola,3098
2019,1,Ciutat Vella,4,"Sant Pere, Santa Caterina i la Ribera",Turismes,Altres nacionalitats,787
2019,1,Ciutat Vella,4,"Sant Pere, Santa Caterina i la Ribera",Motos,Nacionalitat espanyola,1867
2019,1,Ciutat Vella,4,"Sant Pere, Santa Caterina i la Ribera",Motos,Altres nacionalitats,665
2019,1,Ciutat Vella,4,"Sant Pere, Santa Caterina i la Ribera",Ciclomotors,Nacionalitat espanyola,4909
2019,1,Ciutat Vella,4,"Sant Pere, Santa Caterina i la Ribera",Ciclomotors,Altres nacionalitats,163
2019,1,Ciutat Vella,4,"Sant Pere, Santa Caterina i la Ribera",Furgonetes,Nacionalitat espanyola,397
2019,1,Ciutat Vella,4,"Sant Pere, Santa Caterina i la Ribera",Furgonetes,Altres nacionalitats,123
2019,1,Ciutat Vella,4,"Sant Pere, Santa Caterina i la Ribera",Camions,Nacionalitat espanyola,103
2019,1,Ciutat Vella,4,"Sant Pere, Santa Caterina i la Ribera",Camions,Altres nacionalitats,24
2019,1,Ciutat Vella,4,"Sant Pere, Santa Caterina i la Ribera",Altres vehicles,Nacionalitat espanyola,107
2019,1,Ciutat Vella,4,"Sant Pere, Santa Caterina i la Ribera",Altres vehicles,Altres nacionalitats,11
2019,2,Eixample,5,el Fort Pienc,Turismes,Nacionalitat espanyola,8179
2019,2,Eixample,5,el Fort Pienc,Turismes,Altres nacionalitats,773
2019,2,Eixample,5,el Fort Pienc,Motos,Nacionalitat espanyola,3507
2019,2,Eixample,5,el Fort Pienc,Motos,Altres nacionalitats,530
2019,2,Eixample,5,el Fort Pienc,Ciclomotors,Nacionalitat espanyola,700
2019,2,Eixample,5,el Fort Pienc,Ciclomotors,Altres nacionalitats,108
2019,2,Eixample,5,el Fort Pienc,Furgonetes,Nacionalitat espanyola,614
2019,2,Eixample,5,el Fort Pienc,Furgonetes,Altres nacionalitats,94
2019,2,Eixample,5,el Fort Pienc,Camions,Nacionalitat espanyola,246
2019,2,Eixample,5,el Fort Pienc,Camions,Altres nacionalitats,20
2019,2,Eixample,5,el Fort Pienc,Altres vehicles,Nacionalitat espanyola,368
2019,2,Eixample,5,el Fort Pienc,Altres vehicles,Altres nacionalitats,10
2019,2,Eixample,6,la Sagrada Família,Turismes,Nacionalitat espanyola,12724
2019,2,Eixample,6,la Sagrada Família,Turismes,Altres nacionalitats,971
2019,2,Eixample,6,la Sagrada Família,Motos,Nacionalitat espanyola,5727
2019,2,Eixample,6,la Sagrada Família,Motos,Altres nacionalitats,720
2019,2,Eixample,6,la Sagrada Família,Ciclomotors,Nacionalitat espanyola,1154
2019,2,Eixample,6,la Sagrada Família,Ciclomotors,Altres nacionalitats,187
2019,2,Eixample,6,la Sagrada Família,Furgonetes,Nacionalitat espanyola,868
2019,2,Eixample,6,la Sagrada Família,Furgonetes,Altres nacionalitats,135
2019,2,Eixample,6,la Sagrada Família,Camions,Nacionalitat espanyola,289
2019,2,Eixample,6,la Sagrada Família,Camions,Altres nacionalitats,37
2019,2,Eixample,6,la Sagrada Família,Altres vehicles,Nacionalitat espanyola,444
2019,2,Eixample,6,la Sagrada Família,Altres vehicles,Altres nacionalitats,4
2019,2,Eixample,7,la Dreta de l'Eixample,Turismes,Nacionalitat espanyola,15511
2019,2,Eixample,7,la Dreta de l'Eixample,Turismes,Altres nacionalitats,1104
2019,2,Eixample,7,la Dreta de l'Eixample,Motos,Nacionalitat espanyola,7291
2019,2,Eixample,7,la Dreta de l'Eixample,Motos,Altres nacionalitats,871
2019,2,Eixample,7,la Dreta de l'Eixample,Ciclomotors,Nacionalitat espanyola,1133
2019,2,Eixample,7,la Dreta de l'Eixample,Ciclomotors,Altres nacionalitats,163
2019,2,Eixample,7,la Dreta de l'Eixample,Furgonetes,Nacionalitat espanyola,1679
2019,2,Eixample,7,la Dreta de l'Eixample,Furgonetes,Altres nacionalitats,69
2019,2,Eixample,7,la Dreta de l'Eixample,Camions,Nacionalitat espanyola,1062
2019,2,Eixample,7,la Dreta de l'Eixample,Camions,Altres nacionalitats,20
2019,2,Eixample,7,la Dreta de l'Eixample,Altres vehicles,Nacionalitat espanyola,1487
2019,2,Eixample,7,la Dreta de l'Eixample,Altres vehicles,Altres nacionalitats,10
2019,2,Eixample,8,l'Antiga Esquerra de l'Eixample,Turismes,Nacionalitat espanyola,11684
2019,2,Eixample,8,l'Antiga Esquerra de l'Eixample,Turismes,Altres nacionalitats,941
2019,2,Eixample,8,l'Antiga Esquerra de l'Eixample,Motos,Nacionalitat espanyola,6553
2019,2,Eixample,8,l'Antiga Esquerra de l'Eixample,Motos,Altres nacionalitats,795
2019,2,Eixample,8,l'Antiga Esquerra de l'Eixample,Ciclomotors,Nacionalitat espanyola,1017
2019,2,Eixample,8,l'Antiga Esquerra de l'Eixample,Ciclomotors,Altres nacionalitats,150
2019,2,Eixample,8,l'Antiga Esquerra de l'Eixample,Furgonetes,Nacionalitat espanyola,938
2019,2,Eixample,8,l'Antiga Esquerra de l'Eixample,Furgonetes,Altres nacionalitats,56
2019,2,Eixample,8,l'Antiga Esquerra de l'Eixample,Camions,Nacionalitat espanyola,396
2019,2,Eixample,8,l'Antiga Esquerra de l'Eixample,Camions,Altres nacionalitats,14
2019,2,Eixample,8,l'Antiga Esquerra de l'Eixample,Altres vehicles,Nacionalitat espanyola,286
2019,2,Eixample,8,l'Antiga Esquerra de l'Eixample,Altres vehicles,Altres nacionalitats,8
2019,2,Eixample,9,la Nova Esquerra de l'Eixample,Turismes,Nacionalitat espanyola,16560
2019,2,Eixample,9,la Nova Esquerra de l'Eixample,Turismes,Altres nacionalitats,1166
2019,2,Eixample,9,la Nova Esquerra de l'Eixample,Motos,Nacionalitat espanyola,7484
2019,2,Eixample,9,la Nova Esquerra de l'Eixample,Motos,Altres nacionalitats,839
2019,2,Eixample,9,la Nova Esquerra de l'Eixample,Ciclomotors,Nacionalitat espanyola,1355
2019,2,Eixample,9,la Nova Esquerra de l'Eixample,Ciclomotors,Altres nacionalitats,176
2019,2,Eixample,9,la Nova Esquerra de l'Eixample,Furgonetes,Nacionalitat espanyola,1094
2019,2,Eixample,9,la Nova Esquerra de l'Eixample,Furgonetes,Altres nacionalitats,109
2019,2,Eixample,9,la Nova Esquerra de l'Eixample,Camions,Nacionalitat espanyola,365
2019,2,Eixample,9,la Nova Esquerra de l'Eixample,Camions,Altres nacionalitats,24
2019,2,Eixample,9,la Nova Esquerra de l'Eixample,Altres vehicles,Nacionalitat espanyola,890
2019,2,Eixample,9,la Nova Esquerra de l'Eixample,Altres vehicles,Altres nacionalitats,8
2019,2,Eixample,10,Sant Antoni,Turismes,Nacionalitat espanyola,8777
2019,2,Eixample,10,Sant Antoni,Turismes,Altres nacionalitats,718
2019,2,Eixample,10,Sant Antoni,Motos,Nacionalitat espanyola,4079
2019,2,Eixample,10,Sant Antoni,Motos,Altres nacionalitats,562
2019,2,Eixample,10,Sant Antoni,Ciclomotors,Nacionalitat espanyola,824
2019,2,Eixample,10,Sant Antoni,Ciclomotors,Altres nacionalitats,112
2019,2,Eixample,10,Sant Antoni,Furgonetes,Nacionalitat espanyola,668
2019,2,Eixample,10,Sant Antoni,Furgonetes,Altres nacionalitats,93
2019,2,Eixample,10,Sant Antoni,Camions,Nacionalitat espanyola,246
2019,2,Eixample,10,Sant Antoni,Camions,Altres nacionalitats,15
2019,2,Eixample,10,Sant Antoni,Altres vehicles,Nacionalitat espanyola,280
2019,2,Eixample,10,Sant Antoni,Altres vehicles,Altres nacionalitats,5
2019,3,Sants-Montjuïc,11,el Poble Sec - AEI Parc Montjuïc,Turismes,Nacionalitat espanyola,7033
2019,3,Sants-Montjuïc,11,el Poble Sec - AEI Parc Montjuïc,Turismes,Altres nacionalitats,1198
2019,3,Sants-Montjuïc,11,el Poble Sec - AEI Parc Montjuïc,Motos,Nacionalitat espanyola,3243
2019,3,Sants-Montjuïc,11,el Poble Sec - AEI Parc Montjuïc,Motos,Altres nacionalitats,693
2019,3,Sants-Montjuïc,11,el Poble Sec - AEI Parc Montjuïc,Ciclomotors,Nacionalitat espanyola,927
2019,3,Sants-Montjuïc,11,el Poble Sec - AEI Parc Montjuïc,Ciclomotors,Altres nacionalitats,232
2019,3,Sants-Montjuïc,11,el Poble Sec - AEI Parc Montjuïc,Furgonetes,Nacionalitat espanyola,761
2019,3,Sants-Montjuïc,11,el Poble Sec - AEI Parc Montjuïc,Furgonetes,Altres nacionalitats,209
2019,3,Sants-Montjuïc,11,el Poble Sec - AEI Parc Montjuïc,Camions,Nacionalitat espanyola,178
2019,3,Sants-Montjuïc,11,el Poble Sec - AEI Parc Montjuïc,Camions,Altres nacionalitats,43
2019,3,Sants-Montjuïc,11,el Poble Sec - AEI Parc Montjuïc,Altres vehicles,Nacionalitat espanyola,202
2019,3,Sants-Montjuïc,11,el Poble Sec - AEI Parc Montjuïc,Altres vehicles,Altres nacionalitats,22
2019,3,Sants-Montjuïc,12,la Marina del Prat Vermell - AEI Zona Franca,Turismes,Nacionalitat espanyola,3851
2019,3,Sants-Montjuïc,12,la Marina del Prat Vermell - AEI Zona Franca,Turismes,Altres nacionalitats,35
2019,3,Sants-Montjuïc,12,la Marina del Prat Vermell - AEI Zona Franca,Motos,Nacionalitat espanyola,336
2019,3,Sants-Montjuïc,12,la Marina del Prat Vermell - AEI Zona Franca,Motos,Altres nacionalitats,6
2019,3,Sants-Montjuïc,12,la Marina del Prat Vermell - AEI Zona Franca,Ciclomotors,Nacionalitat espanyola,421
2019,3,Sants-Montjuïc,12,la Marina del Prat Vermell - AEI Zona Franca,Ciclomotors,Altres nacionalitats,4
2019,3,Sants-Montjuïc,12,la Marina del Prat Vermell - AEI Zona Franca,Furgonetes,Nacionalitat espanyola,895
2019,3,Sants-Montjuïc,12,la Marina del Prat Vermell - AEI Zona Franca,Furgonetes,Altres nacionalitats,5
2019,3,Sants-Montjuïc,12,la Marina del Prat Vermell - AEI Zona Franca,Camions,Nacionalitat espanyola,2132
2019,3,Sants-Montjuïc,12,la Marina del Prat Vermell - AEI Zona Franca,Camions,Altres nacionalitats,1
2019,3,Sants-Montjuïc,12,la Marina del Prat Vermell - AEI Zona Franca,Altres vehicles,Nacionalitat espanyola,3460
2019,3,Sants-Montjuïc,13,la Marina de Port,Turismes,Nacionalitat espanyola,8774
2019,3,Sants-Montjuïc,13,la Marina de Port,Turismes,Altres nacionalitats,700
2019,3,Sants-Montjuïc,13,la Marina de Port,Motos,Nacionalitat espanyola,3190
2019,3,Sants-Montjuïc,13,la Marina de Port,Motos,Altres nacionalitats,253
2019,3,Sants-Montjuïc,13,la Marina de Port,Ciclomotors,Nacionalitat espanyola,721
2019,3,Sants-Montjuïc,13,la Marina de Port,Ciclomotors,Altres nacionalitats,97
2019,3,Sants-Montjuïc,13,la Marina de Port,Furgonetes,Nacionalitat espanyola,499
2019,3,Sants-Montjuïc,13,la Marina de Port,Furgonetes,Altres nacionalitats,70
2019,3,Sants-Montjuïc,13,la Marina de Port,Camions,Nacionalitat espanyola,317
2019,3,Sants-Montjuïc,13,la Marina de Port,Camions,Altres nacionalitats,34
2019,3,Sants-Montjuïc,13,la Marina de Port,Altres vehicles,Nacionalitat espanyola,236
2019,3,Sants-Montjuïc,13,la Marina de Port,Altres vehicles,Altres nacionalitats,1
2019,3,Sants-Montjuïc,14,la Font de la Guatlla,Turismes,Nacionalitat espanyola,2678
2019,3,Sants-Montjuïc,14,la Font de la Guatlla,Turismes,Altres nacionalitats,251
2019,3,Sants-Montjuïc,14,la Font de la Guatlla,Motos,Nacionalitat espanyola,1185
2019,3,Sants-Montjuïc,14,la Font de la Guatlla,Motos,Altres nacionalitats,160
2019,3,Sants-Montjuïc,14,la Font de la Guatlla,Ciclomotors,Nacionalitat espanyola,266
2019,3,Sants-Montjuïc,14,la Font de la Guatlla,Ciclomotors,Altres nacionalitats,39
2019,3,Sants-Montjuïc,14,la Font de la Guatlla,Furgonetes,Nacionalitat espanyola,171
2019,3,Sants-Montjuïc,14,la Font de la Guatlla,Furgonetes,Altres nacionalitats,27
2019,3,Sants-Montjuïc,14,la Font de la Guatlla,Camions,Nacionalitat espanyola,50
2019,3,Sants-Montjuïc,14,la Font de la Guatlla,Camions,Altres nacionalitats,1
2019,3,Sants-Montjuïc,14,la Font de la Guatlla,Altres vehicles,Nacionalitat espanyola,83
2019,3,Sants-Montjuïc,14,la Font de la Guatlla,Altres vehicles,Altres nacionalitats,4
2019,3,Sants-Montjuïc,15,Hostafrancs,Turismes,Nacionalitat espanyola,3701
2019,3,Sants-Montjuïc,15,Hostafrancs,Turismes,Altres nacionalitats,417
2019,3,Sants-Montjuïc,15,Hostafrancs,Motos,Nacionalitat espanyola,1444
2019,3,Sants-Montjuïc,15,Hostafrancs,Motos,Altres nacionalitats,205
2019,3,Sants-Montjuïc,15,Hostafrancs,Ciclomotors,Nacionalitat espanyola,328
2019,3,Sants-Montjuïc,15,Hostafrancs,Ciclomotors,Altres nacionalitats,84
2019,3,Sants-Montjuïc,15,Hostafrancs,Furgonetes,Nacionalitat espanyola,367
2019,3,Sants-Montjuïc,15,Hostafrancs,Furgonetes,Altres nacionalitats,54
2019,3,Sants-Montjuïc,15,Hostafrancs,Camions,Nacionalitat espanyola,128
2019,3,Sants-Montjuïc,15,Hostafrancs,Camions,Altres nacionalitats,12
2019,3,Sants-Montjuïc,15,Hostafrancs,Altres vehicles,Nacionalitat espanyola,115
2019,3,Sants-Montjuïc,15,Hostafrancs,Altres vehicles,Altres nacionalitats,3
2019,3,Sants-Montjuïc,16,la Bordeta,Turismes,Nacionalitat espanyola,5151
2019,3,Sants-Montjuïc,16,la Bordeta,Turismes,Altres nacionalitats,338
2019,3,Sants-Montjuïc,16,la Bordeta,Motos,Nacionalitat espanyola,1961
2019,3,Sants-Montjuïc,16,la Bordeta,Motos,Altres nacionalitats,190
2019,3,Sants-Montjuïc,16,la Bordeta,Ciclomotors,Nacionalitat espanyola,412
2019,3,Sants-Montjuïc,16,la Bordeta,Ciclomotors,Altres nacionalitats,42
2019,3,Sants-Montjuïc,16,la Bordeta,Furgonetes,Nacionalitat espanyola,321
2019,3,Sants-Montjuïc,16,la Bordeta,Furgonetes,Altres nacionalitats,31
2019,3,Sants-Montjuïc,16,la Bordeta,Camions,Nacionalitat espanyola,97
2019,3,Sants-Montjuïc,16,la Bordeta,Camions,Altres nacionalitats,11
2019,3,Sants-Montjuïc,16,la Bordeta,Altres vehicles,Nacionalitat espanyola,106
2019,3,Sants-Montjuïc,16,la Bordeta,Altres vehicles,Altres nacionalitats,3
2019,3,Sants-Montjuïc,17,Sants - Badal,Turismes,Nacionalitat espanyola,6098
2019,3,Sants-Montjuïc,17,Sants - Badal,Turismes,Altres nacionalitats,451
2019,3,Sants-Montjuïc,17,Sants - Badal,Motos,Nacionalitat espanyola,2367
2019,3,Sants-Montjuïc,17,Sants - Badal,Motos,Altres nacionalitats,223
2019,3,Sants-Montjuïc,17,Sants - Badal,Ciclomotors,Nacionalitat espanyola,562
2019,3,Sants-Montjuïc,17,Sants - Badal,Ciclomotors,Altres nacionalitats,75
2019,3,Sants-Montjuïc,17,Sants - Badal,Furgonetes,Nacionalitat espanyola,408
2019,3,Sants-Montjuïc,17,Sants - Badal,Furgonetes,Altres nacionalitats,77
2019,3,Sants-Montjuïc,17,Sants - Badal,Camions,Nacionalitat espanyola,111
2019,3,Sants-Montjuïc,17,Sants - Badal,Camions,Altres nacionalitats,22
2019,3,Sants-Montjuïc,17,Sants - Badal,Altres vehicles,Nacionalitat espanyola,154
2019,3,Sants-Montjuïc,17,Sants - Badal,Altres vehicles,Altres nacionalitats,2
2019,3,Sants-Montjuïc,18,Sants,Turismes,Nacionalitat espanyola,9827
2019,3,Sants-Montjuïc,18,Sants,Turismes,Altres nacionalitats,806
2019,3,Sants-Montjuïc,18,Sants,Motos,Nacionalitat espanyola,4394
2019,3,Sants-Montjuïc,18,Sants,Motos,Altres nacionalitats,413
2019,3,Sants-Montjuïc,18,Sants,Ciclomotors,Nacionalitat espanyola,1004
2019,3,Sants-Montjuïc,18,Sants,Ciclomotors,Altres nacionalitats,127
2019,3,Sants-Montjuïc,18,Sants,Furgonetes,Nacionalitat espanyola,706
2019,3,Sants-Montjuïc,18,Sants,Furgonetes,Altres nacionalitats,118
2019,3,Sants-Montjuïc,18,Sants,Camions,Nacionalitat espanyola,226
2019,3,Sants-Montjuïc,18,Sants,Camions,Altres nacionalitats,29
2019,3,Sants-Montjuïc,18,Sants,Altres vehicles,Nacionalitat espanyola,205
2019,3,Sants-Montjuïc,18,Sants,Altres vehicles,Altres nacionalitats,5
2019,4,Les Corts,19,les Corts,Turismes,Nacionalitat espanyola,16614
2019,4,Les Corts,19,les Corts,Turismes,Altres nacionalitats,715
2019,4,Les Corts,19,les Corts,Motos,Nacionalitat espanyola,7027
2019,4,Les Corts,19,les Corts,Motos,Altres nacionalitats,403
2019,4,Les Corts,19,les Corts,Ciclomotors,Nacionalitat espanyola,1658
2019,4,Les Corts,19,les Corts,Ciclomotors,Altres nacionalitats,61
2019,4,Les Corts,19,les Corts,Furgonetes,Nacionalitat espanyola,1000
2019,4,Les Corts,19,les Corts,Furgonetes,Altres nacionalitats,57
2019,4,Les Corts,19,les Corts,Camions,Nacionalitat espanyola,371
2019,4,Les Corts,19,les Corts,Camions,Altres nacionalitats,8
2019,4,Les Corts,19,les Corts,Altres vehicles,Nacionalitat espanyola,341
2019,4,Les Corts,19,les Corts,Altres vehicles,Altres nacionalitats,5
2019,4,Les Corts,20,la Maternitat i Sant Ramon,Turismes,Nacionalitat espanyola,8136
2019,4,Les Corts,20,la Maternitat i Sant Ramon,Turismes,Altres nacionalitats,433
2019,4,Les Corts,20,la Maternitat i Sant Ramon,Motos,Nacionalitat espanyola,3456
2019,4,Les Corts,20,la Maternitat i Sant Ramon,Motos,Altres nacionalitats,202
2019,4,Les Corts,20,la Maternitat i Sant Ramon,Ciclomotors,Nacionalitat espanyola,616
2019,4,Les Corts,20,la Maternitat i Sant Ramon,Ciclomotors,Altres nacionalitats,61
2019,4,Les Corts,20,la Maternitat i Sant Ramon,Furgonetes,Nacionalitat espanyola,467
2019,4,Les Corts,20,la Maternitat i Sant Ramon,Furgonetes,Altres nacionalitats,33
2019,4,Les Corts,20,la Maternitat i Sant Ramon,Camions,Nacionalitat espanyola,196
2019,4,Les Corts,20,la Maternitat i Sant Ramon,Camions,Altres nacionalitats,9
2019,4,Les Corts,20,la Maternitat i Sant Ramon,Altres vehicles,Nacionalitat espanyola,211
2019,4,Les Corts,20,la Maternitat i Sant Ramon,Altres vehicles,Altres nacionalitats,3
2019,4,Les Corts,21,Pedralbes,Turismes,Nacionalitat espanyola,5605
2019,4,Les Corts,21,Pedralbes,Turismes,Altres nacionalitats,543
2019,4,Les Corts,21,Pedralbes,Motos,Nacionalitat espanyola,2729
2019,4,Les Corts,21,Pedralbes,Motos,Altres nacionalitats,156
2019,4,Les Corts,21,Pedralbes,Ciclomotors,Nacionalitat espanyola,360
2019,4,Les Corts,21,Pedralbes,Ciclomotors,Altres nacionalitats,24
2019,4,Les Corts,21,Pedralbes,Furgonetes,Nacionalitat espanyola,240
2019,4,Les Corts,21,Pedralbes,Furgonetes,Altres nacionalitats,10
2019,4,Les Corts,21,Pedralbes,Camions,Nacionalitat espanyola,97
2019,4,Les Corts,21,Pedralbes,Camions,Altres nacionalitats,1
2019,4,Les Corts,21,Pedralbes,Altres vehicles,Nacionalitat espanyola,135
2019,4,Les Corts,21,Pedralbes,Altres vehicles,Altres nacionalitats,3
2019,5,Sarrià-St. Gervasi,22,"Vallvidrera, el Tibidabo i les Planes",Turismes,Nacionalitat espanyola,1700
2019,5,Sarrià-St. Gervasi,22,"Vallvidrera, el Tibidabo i les Planes",Turismes,Altres nacionalitats,230
2019,5,Sarrià-St. Gervasi,22,"Vallvidrera, el Tibidabo i les Planes",Motos,Nacionalitat espanyola,869
2019,5,Sarrià-St. Gervasi,22,"Vallvidrera, el Tibidabo i les Planes",Motos,Altres nacionalitats,73
2019,5,Sarrià-St. Gervasi,22,"Vallvidrera, el Tibidabo i les Planes",Ciclomotors,Nacionalitat espanyola,118
2019,5,Sarrià-St. Gervasi,22,"Vallvidrera, el Tibidabo i les Planes",Ciclomotors,Altres nacionalitats,10
2019,5,Sarrià-St. Gervasi,22,"Vallvidrera, el Tibidabo i les Planes",Furgonetes,Nacionalitat espanyola,146
2019,5,Sarrià-St. Gervasi,22,"Vallvidrera, el Tibidabo i les Planes",Furgonetes,Altres nacionalitats,17
2019,5,Sarrià-St. Gervasi,22,"Vallvidrera, el Tibidabo i les Planes",Camions,Nacionalitat espanyola,46
2019,5,Sarrià-St. Gervasi,22,"Vallvidrera, el Tibidabo i les Planes",Camions,Altres nacionalitats,2
2019,5,Sarrià-St. Gervasi,22,"Vallvidrera, el Tibidabo i les Planes",Altres vehicles,Nacionalitat espanyola,37
2019,5,Sarrià-St. Gervasi,22,"Vallvidrera, el Tibidabo i les Planes",Altres vehicles,Altres nacionalitats,4
2019,5,Sarrià-St. Gervasi,23,Sarrià,Turismes,Nacionalitat espanyola,8959
2019,5,Sarrià-St. Gervasi,23,Sarrià,Turismes,Altres nacionalitats,696
2019,5,Sarrià-St. Gervasi,23,Sarrià,Motos,Nacionalitat espanyola,5393
2019,5,Sarrià-St. Gervasi,23,Sarrià,Motos,Altres nacionalitats,283
2019,5,Sarrià-St. Gervasi,23,Sarrià,Ciclomotors,Nacionalitat espanyola,635
2019,5,Sarrià-St. Gervasi,23,Sarrià,Ciclomotors,Altres nacionalitats,56
2019,5,Sarrià-St. Gervasi,23,Sarrià,Furgonetes,Nacionalitat espanyola,497
2019,5,Sarrià-St. Gervasi,23,Sarrià,Furgonetes,Altres nacionalitats,27
2019,5,Sarrià-St. Gervasi,23,Sarrià,Camions,Nacionalitat espanyola,151
2019,5,Sarrià-St. Gervasi,23,Sarrià,Camions,Altres nacionalitats,2
2019,5,Sarrià-St. Gervasi,23,Sarrià,Altres vehicles,Nacionalitat espanyola,191
2019,5,Sarrià-St. Gervasi,23,Sarrià,Altres vehicles,Altres nacionalitats,9
2019,5,Sarrià-St. Gervasi,24,les Tres Torres,Turismes,Nacionalitat espanyola,7086
2019,5,Sarrià-St. Gervasi,24,les Tres Torres,Turismes,Altres nacionalitats,344
2019,5,Sarrià-St. Gervasi,24,les Tres Torres,Motos,Nacionalitat espanyola,4247
2019,5,Sarrià-St. Gervasi,24,les Tres Torres,Motos,Altres nacionalitats,159
2019,5,Sarrià-St. Gervasi,24,les Tres Torres,Ciclomotors,Nacionalitat espanyola,494
2019,5,Sarrià-St. Gervasi,24,les Tres Torres,Ciclomotors,Altres nacionalitats,21
2019,5,Sarrià-St. Gervasi,24,les Tres Torres,Furgonetes,Nacionalitat espanyola,263
2019,5,Sarrià-St. Gervasi,24,les Tres Torres,Furgonetes,Altres nacionalitats,11
2019,5,Sarrià-St. Gervasi,24,les Tres Torres,Camions,Nacionalitat espanyola,90
2019,5,Sarrià-St. Gervasi,24,les Tres Torres,Camions,Altres nacionalitats,2
2019,5,Sarrià-St. Gervasi,24,les Tres Torres,Altres vehicles,Nacionalitat espanyola,103
2019,5,Sarrià-St. Gervasi,25,Sant Gervasi - la Bonanova,Turismes,Nacionalitat espanyola,9923
2019,5,Sarrià-St. Gervasi,25,Sant Gervasi - la Bonanova,Turismes,Altres nacionalitats,505
2019,5,Sarrià-St. Gervasi,25,Sant Gervasi - la Bonanova,Motos,Nacionalitat espanyola,6445
2019,5,Sarrià-St. Gervasi,25,Sant Gervasi - la Bonanova,Motos,Altres nacionalitats,272
2019,5,Sarrià-St. Gervasi,25,Sant Gervasi - la Bonanova,Ciclomotors,Nacionalitat espanyola,804
2019,5,Sarrià-St. Gervasi,25,Sant Gervasi - la Bonanova,Ciclomotors,Altres nacionalitats,58
2019,5,Sarrià-St. Gervasi,25,Sant Gervasi - la Bonanova,Furgonetes,Nacionalitat espanyola,450
2019,5,Sarrià-St. Gervasi,25,Sant Gervasi - la Bonanova,Furgonetes,Altres nacionalitats,27
2019,5,Sarrià-St. Gervasi,25,Sant Gervasi - la Bonanova,Camions,Nacionalitat espanyola,121
2019,5,Sarrià-St. Gervasi,25,Sant Gervasi - la Bonanova,Camions,Altres nacionalitats,7
2019,5,Sarrià-St. Gervasi,25,Sant Gervasi - la Bonanova,Altres vehicles,Nacionalitat espanyola,163
2019,5,Sarrià-St. Gervasi,25,Sant Gervasi - la Bonanova,Altres vehicles,Altres nacionalitats,2
2019,5,Sarrià-St. Gervasi,26,Sant Gervasi - Galvany,Turismes,Nacionalitat espanyola,20384
2019,5,Sarrià-St. Gervasi,26,Sant Gervasi - Galvany,Turismes,Altres nacionalitats,1034
2019,5,Sarrià-St. Gervasi,26,Sant Gervasi - Galvany,Motos,Nacionalitat espanyola,11963
2019,5,Sarrià-St. Gervasi,26,Sant Gervasi - Galvany,Motos,Altres nacionalitats,619
2019,5,Sarrià-St. Gervasi,26,Sant Gervasi - Galvany,Ciclomotors,Nacionalitat espanyola,1456
2019,5,Sarrià-St. Gervasi,26,Sant Gervasi - Galvany,Ciclomotors,Altres nacionalitats,94
2019,5,Sarrià-St. Gervasi,26,Sant Gervasi - Galvany,Furgonetes,Nacionalitat espanyola,1202
2019,5,Sarrià-St. Gervasi,26,Sant Gervasi - Galvany,Furgonetes,Altres nacionalitats,49
2019,5,Sarrià-St. Gervasi,26,Sant Gervasi - Galvany,Camions,Nacionalitat espanyola,482
2019,5,Sarrià-St. Gervasi,26,Sant Gervasi - Galvany,Camions,Altres nacionalitats,31
2019,5,Sarrià-St. Gervasi,26,Sant Gervasi - Galvany,Altres vehicles,Nacionalitat espanyola,538
2019,5,Sarrià-St. Gervasi,26,Sant Gervasi - Galvany,Altres vehicles,Altres nacionalitats,8
2019,5,Sarrià-St. Gervasi,27,el Putxet i el Farró,Turismes,Nacionalitat espanyola,9156
2019,5,Sarrià-St. Gervasi,27,el Putxet i el Farró,Turismes,Altres nacionalitats,593
2019,5,Sarrià-St. Gervasi,27,el Putxet i el Farró,Motos,Nacionalitat espanyola,5943
2019,5,Sarrià-St. Gervasi,27,el Putxet i el Farró,Motos,Altres nacionalitats,434
2019,5,Sarrià-St. Gervasi,27,el Putxet i el Farró,Ciclomotors,Nacionalitat espanyola,815
2019,5,Sarrià-St. Gervasi,27,el Putxet i el Farró,Ciclomotors,Altres nacionalitats,67
2019,5,Sarrià-St. Gervasi,27,el Putxet i el Farró,Furgonetes,Nacionalitat espanyola,479
2019,5,Sarrià-St. Gervasi,27,el Putxet i el Farró,Furgonetes,Altres nacionalitats,37
2019,5,Sarrià-St. Gervasi,27,el Putxet i el Farró,Camions,Nacionalitat espanyola,108
2019,5,Sarrià-St. Gervasi,27,el Putxet i el Farró,Camions,Altres nacionalitats,3
2019,5,Sarrià-St. Gervasi,27,el Putxet i el Farró,Altres vehicles,Nacionalitat espanyola,140
2019,5,Sarrià-St. Gervasi,27,el Putxet i el Farró,Altres vehicles,Altres nacionalitats,2
2019,6,Gràcia,28,Vallcarca i els Penitents,Turismes,Nacionalitat espanyola,5002
2019,6,Gràcia,28,Vallcarca i els Penitents,Turismes,Altres nacionalitats,398
2019,6,Gràcia,28,Vallcarca i els Penitents,Motos,Nacionalitat espanyola,2652
2019,6,Gràcia,28,Vallcarca i els Penitents,Motos,Altres nacionalitats,230
2019,6,Gràcia,28,Vallcarca i els Penitents,Ciclomotors,Nacionalitat espanyola,460
2019,6,Gràcia,28,Vallcarca i els Penitents,Ciclomotors,Altres nacionalitats,44
2019,6,Gràcia,28,Vallcarca i els Penitents,Furgonetes,Nacionalitat espanyola,280
2019,6,Gràcia,28,Vallcarca i els Penitents,Furgonetes,Altres nacionalitats,22
2019,6,Gràcia,28,Vallcarca i els Penitents,Camions,Nacionalitat espanyola,63
2019,6,Gràcia,28,Vallcarca i els Penitents,Camions,Altres nacionalitats,14
2019,6,Gràcia,28,Vallcarca i els Penitents,Altres vehicles,Nacionalitat espanyola,88
2019,6,Gràcia,28,Vallcarca i els Penitents,Altres vehicles,Altres nacionalitats,9
2019,6,Gràcia,29,el Coll,Turismes,Nacionalitat espanyola,1956
2019,6,Gràcia,29,el Coll,Turismes,Altres nacionalitats,148
2019,6,Gràcia,29,el Coll,Motos,Nacionalitat espanyola,1138
2019,6,Gràcia,29,el Coll,Motos,Altres nacionalitats,115
2019,6,Gràcia,29,el Coll,Ciclomotors,Nacionalitat espanyola,247
2019,6,Gràcia,29,el Coll,Ciclomotors,Altres nacionalitats,21
2019,6,Gràcia,29,el Coll,Furgonetes,Nacionalitat espanyola,121
2019,6,Gràcia,29,el Coll,Furgonetes,Altres nacionalitats,15
2019,6,Gràcia,29,el Coll,Camions,Nacionalitat espanyola,27
2019,6,Gràcia,29,el Coll,Camions,Altres nacionalitats,9
2019,6,Gràcia,29,el Coll,Altres vehicles,Nacionalitat espanyola,30
2019,6,Gràcia,29,el Coll,Altres vehicles,Altres nacionalitats,1
2019,6,Gràcia,30,la Salut,Turismes,Nacionalitat espanyola,3989
2019,6,Gràcia,30,la Salut,Turismes,Altres nacionalitats,241
2019,6,Gràcia,30,la Salut,Motos,Nacionalitat espanyola,2095
2019,6,Gràcia,30,la Salut,Motos,Altres nacionalitats,182
2019,6,Gràcia,30,la Salut,Ciclomotors,Nacionalitat espanyola,382
2019,6,Gràcia,30,la Salut,Ciclomotors,Altres nacionalitats,42
2019,6,Gràcia,30,la Salut,Furgonetes,Nacionalitat espanyola,208
2019,6,Gràcia,30,la Salut,Furgonetes,Altres nacionalitats,23
2019,6,Gràcia,30,la Salut,Camions,Nacionalitat espanyola,39
2019,6,Gràcia,30,la Salut,Camions,Altres nacionalitats,10
2019,6,Gràcia,30,la Salut,Altres vehicles,Nacionalitat espanyola,82
2019,6,Gràcia,30,la Salut,Altres vehicles,Altres nacionalitats,1
2019,6,Gràcia,31,la Vila de Gràcia,Turismes,Nacionalitat espanyola,11069
2019,6,Gràcia,31,la Vila de Gràcia,Turismes,Altres nacionalitats,976
2019,6,Gràcia,31,la Vila de Gràcia,Motos,Nacionalitat espanyola,6413
2019,6,Gràcia,31,la Vila de Gràcia,Motos,Altres nacionalitats,900
2019,6,Gràcia,31,la Vila de Gràcia,Ciclomotors,Nacionalitat espanyola,1287
2019,6,Gràcia,31,la Vila de Gràcia,Ciclomotors,Altres nacionalitats,170
2019,6,Gràcia,31,la Vila de Gràcia,Furgonetes,Nacionalitat espanyola,915
2019,6,Gràcia,31,la Vila de Gràcia,Furgonetes,Altres nacionalitats,115
2019,6,Gràcia,31,la Vila de Gràcia,Camions,Nacionalitat espanyola,442
2019,6,Gràcia,31,la Vila de Gràcia,Camions,Altres nacionalitats,22
2019,6,Gràcia,31,la Vila de Gràcia,Altres vehicles,Nacionalitat espanyola,322
2019,6,Gràcia,31,la Vila de Gràcia,Altres vehicles,Altres nacionalitats,22
2019,6,Gràcia,32,el Camp d'en Grassot i Gràcia Nova,Turismes,Nacionalitat espanyola,9510
2019,6,Gràcia,32,el Camp d'en Grassot i Gràcia Nova,Turismes,Altres nacionalitats,521
2019,6,Gràcia,32,el Camp d'en Grassot i Gràcia Nova,Motos,Nacionalitat espanyola,4656
2019,6,Gràcia,32,el Camp d'en Grassot i Gràcia Nova,Motos,Altres nacionalitats,439
2019,6,Gràcia,32,el Camp d'en Grassot i Gràcia Nova,Ciclomotors,Nacionalitat espanyola,943
2019,6,Gràcia,32,el Camp d'en Grassot i Gràcia Nova,Ciclomotors,Altres nacionalitats,109
2019,6,Gràcia,32,el Camp d'en Grassot i Gràcia Nova,Furgonetes,Nacionalitat espanyola,600
2019,6,Gràcia,32,el Camp d'en Grassot i Gràcia Nova,Furgonetes,Altres nacionalitats,73
2019,6,Gràcia,32,el Camp d'en Grassot i Gràcia Nova,Camions,Nacionalitat espanyola,133
2019,6,Gràcia,32,el Camp d'en Grassot i Gràcia Nova,Camions,Altres nacionalitats,9
2019,6,Gràcia,32,el Camp d'en Grassot i Gràcia Nova,Altres vehicles,Nacionalitat espanyola,179
2019,6,Gràcia,32,el Camp d'en Grassot i Gràcia Nova,Altres vehicles,Altres nacionalitats,10
2019,7,Horta-Guinardó,33,el Baix Guinardó,Turismes,Nacionalitat espanyola,6690
2019,7,Horta-Guinardó,33,el Baix Guinardó,Turismes,Altres nacionalitats,439
2019,7,Horta-Guinardó,33,el Baix Guinardó,Motos,Nacionalitat espanyola,3157
2019,7,Horta-Guinardó,33,el Baix Guinardó,Motos,Altres nacionalitats,251
2019,7,Horta-Guinardó,33,el Baix Guinardó,Ciclomotors,Nacionalitat espanyola,653
2019,7,Horta-Guinardó,33,el Baix Guinardó,Ciclomotors,Altres nacionalitats,71
2019,7,Horta-Guinardó,33,el Baix Guinardó,Furgonetes,Nacionalitat espanyola,438
2019,7,Horta-Guinardó,33,el Baix Guinardó,Furgonetes,Altres nacionalitats,60
2019,7,Horta-Guinardó,33,el Baix Guinardó,Camions,Nacionalitat espanyola,112
2019,7,Horta-Guinardó,33,el Baix Guinardó,Camions,Altres nacionalitats,15
2019,7,Horta-Guinardó,33,el Baix Guinardó,Altres vehicles,Nacionalitat espanyola,144
2019,7,Horta-Guinardó,33,el Baix Guinardó,Altres vehicles,Altres nacionalitats,3
2019,7,Horta-Guinardó,34,Can Baró,Turismes,Nacionalitat espanyola,2587
2019,7,Horta-Guinardó,34,Can Baró,Turismes,Altres nacionalitats,174
2019,7,Horta-Guinardó,34,Can Baró,Motos,Nacionalitat espanyola,1451
2019,7,Horta-Guinardó,34,Can Baró,Motos,Altres nacionalitats,126
2019,7,Horta-Guinardó,34,Can Baró,Ciclomotors,Nacionalitat espanyola,366
2019,7,Horta-Guinardó,34,Can Baró,Ciclomotors,Altres nacionalitats,29
2019,7,Horta-Guinardó,34,Can Baró,Furgonetes,Nacionalitat espanyola,197
2019,7,Horta-Guinardó,34,Can Baró,Furgonetes,Altres nacionalitats,19
2019,7,Horta-Guinardó,34,Can Baró,Camions,Nacionalitat espanyola,55
2019,7,Horta-Guinardó,34,Can Baró,Camions,Altres nacionalitats,3
2019,7,Horta-Guinardó,34,Can Baró,Altres vehicles,Nacionalitat espanyola,61
2019,7,Horta-Guinardó,34,Can Baró,Altres vehicles,Altres nacionalitats,2
2019,7,Horta-Guinardó,35,el Guinardó,Turismes,Nacionalitat espanyola,9828
2019,7,Horta-Guinardó,35,el Guinardó,Turismes,Altres nacionalitats,691
2019,7,Horta-Guinardó,35,el Guinardó,Motos,Nacionalitat espanyola,4347
2019,7,Horta-Guinardó,35,el Guinardó,Motos,Altres nacionalitats,392
2019,7,Horta-Guinardó,35,el Guinardó,Ciclomotors,Nacionalitat espanyola,897
2019,7,Horta-Guinardó,35,el Guinardó,Ciclomotors,Altres nacionalitats,105
2019,7,Horta-Guinardó,35,el Guinardó,Furgonetes,Nacionalitat espanyola,824
2019,7,Horta-Guinardó,35,el Guinardó,Furgonetes,Altres nacionalitats,81
2019,7,Horta-Guinardó,35,el Guinardó,Camions,Nacionalitat espanyola,341
2019,7,Horta-Guinardó,35,el Guinardó,Camions,Altres nacionalitats,18
2019,7,Horta-Guinardó,35,el Guinardó,Altres vehicles,Nacionalitat espanyola,313
2019,7,Horta-Guinardó,35,el Guinardó,Altres vehicles,Altres nacionalitats,5
2019,7,Horta-Guinardó,36,la Font d'en Fargues,Turismes,Nacionalitat espanyola,3402
2019,7,Horta-Guinardó,36,la Font d'en Fargues,Turismes,Altres nacionalitats,105
2019,7,Horta-Guinardó,36,la Font d'en Fargues,Motos,Nacionalitat espanyola,1748
2019,7,Horta-Guinardó,36,la Font d'en Fargues,Motos,Altres nacionalitats,73
2019,7,Horta-Guinardó,36,la Font d'en Fargues,Ciclomotors,Nacionalitat espanyola,282
2019,7,Horta-Guinardó,36,la Font d'en Fargues,Ciclomotors,Altres nacionalitats,10
2019,7,Horta-Guinardó,36,la Font d'en Fargues,Furgonetes,Nacionalitat espanyola,223
2019,7,Horta-Guinardó,36,la Font d'en Fargues,Furgonetes,Altres nacionalitats,13
2019,7,Horta-Guinardó,36,la Font d'en Fargues,Camions,Nacionalitat espanyola,71
2019,7,Horta-Guinardó,36,la Font d'en Fargues,Camions,Altres nacionalitats,2
2019,7,Horta-Guinardó,36,la Font d'en Fargues,Altres vehicles,Nacionalitat espanyola,105
2019,7,Horta-Guinardó,36,la Font d'en Fargues,Altres vehicles,Altres nacionalitats,4
2019,7,Horta-Guinardó,37,el Carmel,Turismes,Nacionalitat espanyola,8076
2019,7,Horta-Guinardó,37,el Carmel,Turismes,Altres nacionalitats,624
2019,7,Horta-Guinardó,37,el Carmel,Motos,Nacionalitat espanyola,3934
2019,7,Horta-Guinardó,37,el Carmel,Motos,Altres nacionalitats,321
2019,7,Horta-Guinardó,37,el Carmel,Ciclomotors,Nacionalitat espanyola,1073
2019,7,Horta-Guinardó,37,el Carmel,Ciclomotors,Altres nacionalitats,111
2019,7,Horta-Guinardó,37,el Carmel,Furgonetes,Nacionalitat espanyola,576
2019,7,Horta-Guinardó,37,el Carmel,Furgonetes,Altres nacionalitats,97
2019,7,Horta-Guinardó,37,el Carmel,Camions,Nacionalitat espanyola,172
2019,7,Horta-Guinardó,37,el Carmel,Camions,Altres nacionalitats,20
2019,7,Horta-Guinardó,37,el Carmel,Altres vehicles,Nacionalitat espanyola,141
2019,7,Horta-Guinardó,37,el Carmel,Altres vehicles,Altres nacionalitats,4
2019,7,Horta-Guinardó,38,la Teixonera,Turismes,Nacionalitat espanyola,3232
2019,7,Horta-Guinardó,38,la Teixonera,Turismes,Altres nacionalitats,276
2019,7,Horta-Guinardó,38,la Teixonera,Motos,Nacionalitat espanyola,1515
2019,7,Horta-Guinardó,38,la Teixonera,Motos,Altres nacionalitats,121
2019,7,Horta-Guinardó,38,la Teixonera,Ciclomotors,Nacionalitat espanyola,362
2019,7,Horta-Guinardó,38,la Teixonera,Ciclomotors,Altres nacionalitats,39
2019,7,Horta-Guinardó,38,la Teixonera,Furgonetes,Nacionalitat espanyola,270
2019,7,Horta-Guinardó,38,la Teixonera,Furgonetes,Altres nacionalitats,34
2019,7,Horta-Guinardó,38,la Teixonera,Camions,Nacionalitat espanyola,68
2019,7,Horta-Guinardó,38,la Teixonera,Camions,Altres nacionalitats,15
2019,7,Horta-Guinardó,38,la Teixonera,Altres vehicles,Nacionalitat espanyola,51
2019,7,Horta-Guinardó,38,la Teixonera,Altres vehicles,Altres nacionalitats,1
2019,7,Horta-Guinardó,39,Sant Genís dels Agudells,Turismes,Nacionalitat espanyola,2105
2019,7,Horta-Guinardó,39,Sant Genís dels Agudells,Turismes,Altres nacionalitats,145
2019,7,Horta-Guinardó,39,Sant Genís dels Agudells,Motos,Nacionalitat espanyola,777
2019,7,Horta-Guinardó,39,Sant Genís dels Agudells,Motos,Altres nacionalitats,56
2019,7,Horta-Guinardó,39,Sant Genís dels Agudells,Ciclomotors,Nacionalitat espanyola,202
2019,7,Horta-Guinardó,39,Sant Genís dels Agudells,Ciclomotors,Altres nacionalitats,15
2019,7,Horta-Guinardó,39,Sant Genís dels Agudells,Furgonetes,Nacionalitat espanyola,166
2019,7,Horta-Guinardó,39,Sant Genís dels Agudells,Furgonetes,Altres nacionalitats,20
2019,7,Horta-Guinardó,39,Sant Genís dels Agudells,Camions,Nacionalitat espanyola,39
2019,7,Horta-Guinardó,39,Sant Genís dels Agudells,Camions,Altres nacionalitats,6
2019,7,Horta-Guinardó,39,Sant Genís dels Agudells,Altres vehicles,Nacionalitat espanyola,38
2019,7,Horta-Guinardó,40,Montbau,Turismes,Nacionalitat espanyola,1518
2019,7,Horta-Guinardó,40,Montbau,Turismes,Altres nacionalitats,86
2019,7,Horta-Guinardó,40,Montbau,Motos,Nacionalitat espanyola,504
2019,7,Horta-Guinardó,40,Montbau,Motos,Altres nacionalitats,33
2019,7,Horta-Guinardó,40,Montbau,Ciclomotors,Nacionalitat espanyola,84
2019,7,Horta-Guinardó,40,Montbau,Ciclomotors,Altres nacionalitats,11
2019,7,Horta-Guinardó,40,Montbau,Furgonetes,Nacionalitat espanyola,75
2019,7,Horta-Guinardó,40,Montbau,Furgonetes,Altres nacionalitats,14
2019,7,Horta-Guinardó,40,Montbau,Camions,Nacionalitat espanyola,19
2019,7,Horta-Guinardó,40,Montbau,Camions,Altres nacionalitats,2
2019,7,Horta-Guinardó,40,Montbau,Altres vehicles,Nacionalitat espanyola,25
2019,7,Horta-Guinardó,40,Montbau,Altres vehicles,Altres nacionalitats,3
2019,7,Horta-Guinardó,41,la Vall d'Hebron,Turismes,Nacionalitat espanyola,1945
2019,7,Horta-Guinardó,41,la Vall d'Hebron,Turismes,Altres nacionalitats,93
2019,7,Horta-Guinardó,41,la Vall d'Hebron,Motos,Nacionalitat espanyola,587
2019,7,Horta-Guinardó,41,la Vall d'Hebron,Motos,Altres nacionalitats,27
2019,7,Horta-Guinardó,41,la Vall d'Hebron,Ciclomotors,Nacionalitat espanyola,101
2019,7,Horta-Guinardó,41,la Vall d'Hebron,Ciclomotors,Altres nacionalitats,5
2019,7,Horta-Guinardó,41,la Vall d'Hebron,Furgonetes,Nacionalitat espanyola,133
2019,7,Horta-Guinardó,41,la Vall d'Hebron,Furgonetes,Altres nacionalitats,9
2019,7,Horta-Guinardó,41,la Vall d'Hebron,Camions,Nacionalitat espanyola,25
2019,7,Horta-Guinardó,41,la Vall d'Hebron,Camions,Altres nacionalitats,1
2019,7,Horta-Guinardó,41,la Vall d'Hebron,Altres vehicles,Nacionalitat espanyola,34
2019,7,Horta-Guinardó,41,la Vall d'Hebron,Altres vehicles,Altres nacionalitats,1
2019,7,Horta-Guinardó,42,la Clota,Turismes,Nacionalitat espanyola,184
2019,7,Horta-Guinardó,42,la Clota,Turismes,Altres nacionalitats,7
2019,7,Horta-Guinardó,42,la Clota,Motos,Nacionalitat espanyola,87
2019,7,Horta-Guinardó,42,la Clota,Motos,Altres nacionalitats,4
2019,7,Horta-Guinardó,42,la Clota,Ciclomotors,Nacionalitat espanyola,23
2019,7,Horta-Guinardó,42,la Clota,Ciclomotors,Altres nacionalitats,4
2019,7,Horta-Guinardó,42,la Clota,Furgonetes,Nacionalitat espanyola,49
2019,7,Horta-Guinardó,42,la Clota,Furgonetes,Altres nacionalitats,2
2019,7,Horta-Guinardó,42,la Clota,Camions,Nacionalitat espanyola,9
2019,7,Horta-Guinardó,42,la Clota,Altres vehicles,Nacionalitat espanyola,4
2019,7,Horta-Guinardó,43,Horta,Turismes,Nacionalitat espanyola,7813
2019,7,Horta-Guinardó,43,Horta,Turismes,Altres nacionalitats,296
2019,7,Horta-Guinardó,43,Horta,Motos,Nacionalitat espanyola,3360
2019,7,Horta-Guinardó,43,Horta,Motos,Altres nacionalitats,145
2019,7,Horta-Guinardó,43,Horta,Ciclomotors,Nacionalitat espanyola,622
2019,7,Horta-Guinardó,43,Horta,Ciclomotors,Altres nacionalitats,43
2019,7,Horta-Guinardó,43,Horta,Furgonetes,Nacionalitat espanyola,509
2019,7,Horta-Guinardó,43,Horta,Furgonetes,Altres nacionalitats,52
2019,7,Horta-Guinardó,43,Horta,Camions,Nacionalitat espanyola,132
2019,7,Horta-Guinardó,43,Horta,Camions,Altres nacionalitats,8
2019,7,Horta-Guinardó,43,Horta,Altres vehicles,Nacionalitat espanyola,161
2019,7,Horta-Guinardó,43,Horta,Altres vehicles,Altres nacionalitats,2
2019,8,Nou Barris,44,Vilapicina i la Torre Llobeta,Turismes,Nacionalitat espanyola,6670
2019,8,Nou Barris,44,Vilapicina i la Torre Llobeta,Turismes,Altres nacionalitats,405
2019,8,Nou Barris,44,Vilapicina i la Torre Llobeta,Motos,Nacionalitat espanyola,2451
2019,8,Nou Barris,44,Vilapicina i la Torre Llobeta,Motos,Altres nacionalitats,159
2019,8,Nou Barris,44,Vilapicina i la Torre Llobeta,Ciclomotors,Nacionalitat espanyola,495
2019,8,Nou Barris,44,Vilapicina i la Torre Llobeta,Ciclomotors,Altres nacionalitats,69
2019,8,Nou Barris,44,Vilapicina i la Torre Llobeta,Furgonetes,Nacionalitat espanyola,603
2019,8,Nou Barris,44,Vilapicina i la Torre Llobeta,Furgonetes,Altres nacionalitats,50
2019,8,Nou Barris,44,Vilapicina i la Torre Llobeta,Camions,Nacionalitat espanyola,148
2019,8,Nou Barris,44,Vilapicina i la Torre Llobeta,Camions,Altres nacionalitats,12
2019,8,Nou Barris,44,Vilapicina i la Torre Llobeta,Altres vehicles,Nacionalitat espanyola,162
2019,8,Nou Barris,44,Vilapicina i la Torre Llobeta,Altres vehicles,Altres nacionalitats,3
2019,8,Nou Barris,45,Porta,Turismes,Nacionalitat espanyola,6202
2019,8,Nou Barris,45,Porta,Turismes,Altres nacionalitats,435
2019,8,Nou Barris,45,Porta,Motos,Nacionalitat espanyola,1975
2019,8,Nou Barris,45,Porta,Motos,Altres nacionalitats,171
2019,8,Nou Barris,45,Porta,Ciclomotors,Nacionalitat espanyola,487
2019,8,Nou Barris,45,Porta,Ciclomotors,Altres nacionalitats,47
2019,8,Nou Barris,45,Porta,Furgonetes,Nacionalitat espanyola,419
2019,8,Nou Barris,45,Porta,Furgonetes,Altres nacionalitats,64
2019,8,Nou Barris,45,Porta,Camions,Nacionalitat espanyola,134
2019,8,Nou Barris,45,Porta,Camions,Altres nacionalitats,10
2019,8,Nou Barris,45,Porta,Altres vehicles,Nacionalitat espanyola,123
2019,8,Nou Barris,45,Porta,Altres vehicles,Altres nacionalitats,1
2019,8,Nou Barris,46,el Turó de la Peira,Turismes,Nacionalitat espanyola,3054
2019,8,Nou Barris,46,el Turó de la Peira,Turismes,Altres nacionalitats,325
2019,8,Nou Barris,46,el Turó de la Peira,Motos,Nacionalitat espanyola,1148
2019,8,Nou Barris,46,el Turó de la Peira,Motos,Altres nacionalitats,134
2019,8,Nou Barris,46,el Turó de la Peira,Ciclomotors,Nacionalitat espanyola,322
2019,8,Nou Barris,46,el Turó de la Peira,Ciclomotors,Altres nacionalitats,49
2019,8,Nou Barris,46,el Turó de la Peira,Furgonetes,Nacionalitat espanyola,260
2019,8,Nou Barris,46,el Turó de la Peira,Furgonetes,Altres nacionalitats,69
2019,8,Nou Barris,46,el Turó de la Peira,Camions,Nacionalitat espanyola,56
2019,8,Nou Barris,46,el Turó de la Peira,Camions,Altres nacionalitats,14
2019,8,Nou Barris,46,el Turó de la Peira,Altres vehicles,Nacionalitat espanyola,39
2019,8,Nou Barris,46,el Turó de la Peira,Altres vehicles,Altres nacionalitats,3
2019,8,Nou Barris,47,Can Peguera,Turismes,Nacionalitat espanyola,571
2019,8,Nou Barris,47,Can Peguera,Turismes,Altres nacionalitats,22
2019,8,Nou Barris,47,Can Peguera,Motos,Nacionalitat espanyola,190
2019,8,Nou Barris,47,Can Peguera,Motos,Altres nacionalitats,13
2019,8,Nou Barris,47,Can Peguera,Ciclomotors,Nacionalitat espanyola,109
2019,8,Nou Barris,47,Can Peguera,Ciclomotors,Altres nacionalitats,2
2019,8,Nou Barris,47,Can Peguera,Furgonetes,Nacionalitat espanyola,53
2019,8,Nou Barris,47,Can Peguera,Furgonetes,Altres nacionalitats,5
2019,8,Nou Barris,47,Can Peguera,Camions,Nacionalitat espanyola,13
2019,8,Nou Barris,47,Can Peguera,Altres vehicles,Nacionalitat espanyola,13
2019,8,Nou Barris,48,la Guineueta,Turismes,Nacionalitat espanyola,4637
2019,8,Nou Barris,48,la Guineueta,Turismes,Altres nacionalitats,148
2019,8,Nou Barris,48,la Guineueta,Motos,Nacionalitat espanyola,1371
2019,8,Nou Barris,48,la Guineueta,Motos,Altres nacionalitats,74
2019,8,Nou Barris,48,la Guineueta,Ciclomotors,Nacionalitat espanyola,296
2019,8,Nou Barris,48,la Guineueta,Ciclomotors,Altres nacionalitats,10
2019,8,Nou Barris,48,la Guineueta,Furgonetes,Nacionalitat espanyola,249
2019,8,Nou Barris,48,la Guineueta,Furgonetes,Altres nacionalitats,19
2019,8,Nou Barris,48,la Guineueta,Camions,Nacionalitat espanyola,84
2019,8,Nou Barris,48,la Guineueta,Camions,Altres nacionalitats,1
2019,8,Nou Barris,48,la Guineueta,Altres vehicles,Nacionalitat espanyola,76
2019,8,Nou Barris,48,la Guineueta,Altres vehicles,Altres nacionalitats,1
2019,8,Nou Barris,49,Canyelles,Turismes,Nacionalitat espanyola,2583
2019,8,Nou Barris,49,Canyelles,Turismes,Altres nacionalitats,55
2019,8,Nou Barris,49,Canyelles,Motos,Nacionalitat espanyola,676
2019,8,Nou Barris,49,Canyelles,Motos,Altres nacionalitats,15
2019,8,Nou Barris,49,Canyelles,Ciclomotors,Nacionalitat espanyola,194
2019,8,Nou Barris,49,Canyelles,Ciclomotors,Altres nacionalitats,7
2019,8,Nou Barris,49,Canyelles,Furgonetes,Nacionalitat espanyola,148
2019,8,Nou Barris,49,Canyelles,Furgonetes,Altres nacionalitats,10
2019,8,Nou Barris,49,Canyelles,Camions,Nacionalitat espanyola,40
2019,8,Nou Barris,49,Canyelles,Altres vehicles,Nacionalitat espanyola,47
2019,8,Nou Barris,50,les Roquetes,Turismes,Nacionalitat espanyola,3902
2019,8,Nou Barris,50,les Roquetes,Turismes,Altres nacionalitats,599
2019,8,Nou Barris,50,les Roquetes,Motos,Nacionalitat espanyola,1163
2019,8,Nou Barris,50,les Roquetes,Motos,Altres nacionalitats,117
2019,8,Nou Barris,50,les Roquetes,Ciclomotors,Nacionalitat espanyola,384
2019,8,Nou Barris,50,les Roquetes,Ciclomotors,Altres nacionalitats,39
2019,8,Nou Barris,50,les Roquetes,Furgonetes,Nacionalitat espanyola,367
2019,8,Nou Barris,50,les Roquetes,Furgonetes,Altres nacionalitats,73
2019,8,Nou Barris,50,les Roquetes,Camions,Nacionalitat espanyola,138
2019,8,Nou Barris,50,les Roquetes,Camions,Altres nacionalitats,27
2019,8,Nou Barris,50,les Roquetes,Altres vehicles,Nacionalitat espanyola,107
2019,8,Nou Barris,50,les Roquetes,Altres vehicles,Altres nacionalitats,2
2019,8,Nou Barris,51,Verdun,Turismes,Nacionalitat espanyola,2892
2019,8,Nou Barris,51,Verdun,Turismes,Altres nacionalitats,289
2019,8,Nou Barris,51,Verdun,Motos,Nacionalitat espanyola,873
2019,8,Nou Barris,51,Verdun,Motos,Altres nacionalitats,79
2019,8,Nou Barris,51,Verdun,Ciclomotors,Nacionalitat espanyola,267
2019,8,Nou Barris,51,Verdun,Ciclomotors,Altres nacionalitats,25
2019,8,Nou Barris,51,Verdun,Furgonetes,Nacionalitat espanyola,248
2019,8,Nou Barris,51,Verdun,Furgonetes,Altres nacionalitats,40
2019,8,Nou Barris,51,Verdun,Camions,Nacionalitat espanyola,75
2019,8,Nou Barris,51,Verdun,Camions,Altres nacionalitats,11
2019,8,Nou Barris,51,Verdun,Altres vehicles,Nacionalitat espanyola,52
2019,8,Nou Barris,51,Verdun,Altres vehicles,Altres nacionalitats,1
2019,8,Nou Barris,52,la Prosperitat,Turismes,Nacionalitat espanyola,6990
2019,8,Nou Barris,52,la Prosperitat,Turismes,Altres nacionalitats,535
2019,8,Nou Barris,52,la Prosperitat,Motos,Nacionalitat espanyola,2109
2019,8,Nou Barris,52,la Prosperitat,Motos,Altres nacionalitats,161
2019,8,Nou Barris,52,la Prosperitat,Ciclomotors,Nacionalitat espanyola,508
2019,8,Nou Barris,52,la Prosperitat,Ciclomotors,Altres nacionalitats,58
2019,8,Nou Barris,52,la Prosperitat,Furgonetes,Nacionalitat espanyola,523
2019,8,Nou Barris,52,la Prosperitat,Furgonetes,Altres nacionalitats,96
2019,8,Nou Barris,52,la Prosperitat,Camions,Nacionalitat espanyola,187
2019,8,Nou Barris,52,la Prosperitat,Camions,Altres nacionalitats,20
2019,8,Nou Barris,52,la Prosperitat,Altres vehicles,Nacionalitat espanyola,187
2019,8,Nou Barris,52,la Prosperitat,Altres vehicles,Altres nacionalitats,6
2019,8,Nou Barris,53,la Trinitat Nova,Turismes,Nacionalitat espanyola,1667
2019,8,Nou Barris,53,la Trinitat Nova,Turismes,Altres nacionalitats,205
2019,8,Nou Barris,53,la Trinitat Nova,Motos,Nacionalitat espanyola,465
2019,8,Nou Barris,53,la Trinitat Nova,Motos,Altres nacionalitats,51
2019,8,Nou Barris,53,la Trinitat Nova,Ciclomotors,Nacionalitat espanyola,210
2019,8,Nou Barris,53,la Trinitat Nova,Ciclomotors,Altres nacionalitats,20
2019,8,Nou Barris,53,la Trinitat Nova,Furgonetes,Nacionalitat espanyola,153
2019,8,Nou Barris,53,la Trinitat Nova,Furgonetes,Altres nacionalitats,35
2019,8,Nou Barris,53,la Trinitat Nova,Camions,Nacionalitat espanyola,50
2019,8,Nou Barris,53,la Trinitat Nova,Camions,Altres nacionalitats,4
2019,8,Nou Barris,53,la Trinitat Nova,Altres vehicles,Nacionalitat espanyola,35
2019,8,Nou Barris,54,Torre Baró,Turismes,Nacionalitat espanyola,808
2019,8,Nou Barris,54,Torre Baró,Turismes,Altres nacionalitats,68
2019,8,Nou Barris,54,Torre Baró,Motos,Nacionalitat espanyola,218
2019,8,Nou Barris,54,Torre Baró,Motos,Altres nacionalitats,14
2019,8,Nou Barris,54,Torre Baró,Ciclomotors,Nacionalitat espanyola,130
2019,8,Nou Barris,54,Torre Baró,Ciclomotors,Altres nacionalitats,2
2019,8,Nou Barris,54,Torre Baró,Furgonetes,Nacionalitat espanyola,125
2019,8,Nou Barris,54,Torre Baró,Furgonetes,Altres nacionalitats,11
2019,8,Nou Barris,54,Torre Baró,Camions,Nacionalitat espanyola,47
2019,8,Nou Barris,54,Torre Baró,Camions,Altres nacionalitats,5
2019,8,Nou Barris,54,Torre Baró,Altres vehicles,Nacionalitat espanyola,26
2019,8,Nou Barris,54,Torre Baró,Altres vehicles,Altres nacionalitats,2
2019,8,Nou Barris,55,Ciutat Meridiana,Turismes,Nacionalitat espanyola,2250
2019,8,Nou Barris,55,Ciutat Meridiana,Turismes,Altres nacionalitats,448
2019,8,Nou Barris,55,Ciutat Meridiana,Motos,Nacionalitat espanyola,406
2019,8,Nou Barris,55,Ciutat Meridiana,Motos,Altres nacionalitats,69
2019,8,Nou Barris,55,Ciutat Meridiana,Ciclomotors,Nacionalitat espanyola,175
2019,8,Nou Barris,55,Ciutat Meridiana,Ciclomotors,Altres nacionalitats,44
2019,8,Nou Barris,55,Ciutat Meridiana,Furgonetes,Nacionalitat espanyola,174
2019,8,Nou Barris,55,Ciutat Meridiana,Furgonetes,Altres nacionalitats,77
2019,8,Nou Barris,55,Ciutat Meridiana,Camions,Nacionalitat espanyola,78
2019,8,Nou Barris,55,Ciutat Meridiana,Camions,Altres nacionalitats,25
2019,8,Nou Barris,55,Ciutat Meridiana,Altres vehicles,Nacionalitat espanyola,52
2019,8,Nou Barris,55,Ciutat Meridiana,Altres vehicles,Altres nacionalitats,1
2019,8,Nou Barris,56,Vallbona,Turismes,Nacionalitat espanyola,402
2019,8,Nou Barris,56,Vallbona,Turismes,Altres nacionalitats,40
2019,8,Nou Barris,56,Vallbona,Motos,Nacionalitat espanyola,113
2019,8,Nou Barris,56,Vallbona,Motos,Altres nacionalitats,9
2019,8,Nou Barris,56,Vallbona,Ciclomotors,Nacionalitat espanyola,59
2019,8,Nou Barris,56,Vallbona,Ciclomotors,Altres nacionalitats,4
2019,8,Nou Barris,56,Vallbona,Furgonetes,Nacionalitat espanyola,46
2019,8,Nou Barris,56,Vallbona,Furgonetes,Altres nacionalitats,5
2019,8,Nou Barris,56,Vallbona,Camions,Nacionalitat espanyola,30
2019,8,Nou Barris,56,Vallbona,Camions,Altres nacionalitats,3
2019,8,Nou Barris,56,Vallbona,Altres vehicles,Nacionalitat espanyola,23
2019,8,Nou Barris,56,Vallbona,Altres vehicles,Altres nacionalitats,1
2019,9,Sant Andreu,57,la Trinitat Vella,Turismes,Nacionalitat espanyola,2236
2019,9,Sant Andreu,57,la Trinitat Vella,Turismes,Altres nacionalitats,500
2019,9,Sant Andreu,57,la Trinitat Vella,Motos,Nacionalitat espanyola,591
2019,9,Sant Andreu,57,la Trinitat Vella,Motos,Altres nacionalitats,90
2019,9,Sant Andreu,57,la Trinitat Vella,Ciclomotors,Nacionalitat espanyola,252
2019,9,Sant Andreu,57,la Trinitat Vella,Ciclomotors,Altres nacionalitats,44
2019,9,Sant Andreu,57,la Trinitat Vella,Furgonetes,Nacionalitat espanyola,205
2019,9,Sant Andreu,57,la Trinitat Vella,Furgonetes,Altres nacionalitats,80
2019,9,Sant Andreu,57,la Trinitat Vella,Camions,Nacionalitat espanyola,81
2019,9,Sant Andreu,57,la Trinitat Vella,Camions,Altres nacionalitats,14
2019,9,Sant Andreu,57,la Trinitat Vella,Altres vehicles,Nacionalitat espanyola,38
2019,9,Sant Andreu,57,la Trinitat Vella,Altres vehicles,Altres nacionalitats,4
2019,9,Sant Andreu,58,Baró de Viver,Turismes,Nacionalitat espanyola,677
2019,9,Sant Andreu,58,Baró de Viver,Turismes,Altres nacionalitats,40
2019,9,Sant Andreu,58,Baró de Viver,Motos,Nacionalitat espanyola,196
2019,9,Sant Andreu,58,Baró de Viver,Motos,Altres nacionalitats,5
2019,9,Sant Andreu,58,Baró de Viver,Ciclomotors,Nacionalitat espanyola,68
2019,9,Sant Andreu,58,Baró de Viver,Ciclomotors,Altres nacionalitats,3
2019,9,Sant Andreu,58,Baró de Viver,Furgonetes,Nacionalitat espanyola,76
2019,9,Sant Andreu,58,Baró de Viver,Furgonetes,Altres nacionalitats,5
2019,9,Sant Andreu,58,Baró de Viver,Camions,Nacionalitat espanyola,18
2019,9,Sant Andreu,58,Baró de Viver,Camions,Altres nacionalitats,3
2019,9,Sant Andreu,58,Baró de Viver,Altres vehicles,Nacionalitat espanyola,14
2019,9,Sant Andreu,59,el Bon Pastor,Turismes,Nacionalitat espanyola,4707
2019,9,Sant Andreu,59,el Bon Pastor,Turismes,Altres nacionalitats,255
2019,9,Sant Andreu,59,el Bon Pastor,Motos,Nacionalitat espanyola,1041
2019,9,Sant Andreu,59,el Bon Pastor,Motos,Altres nacionalitats,67
2019,9,Sant Andreu,59,el Bon Pastor,Ciclomotors,Nacionalitat espanyola,254
2019,9,Sant Andreu,59,el Bon Pastor,Ciclomotors,Altres nacionalitats,18
2019,9,Sant Andreu,59,el Bon Pastor,Furgonetes,Nacionalitat espanyola,738
2019,9,Sant Andreu,59,el Bon Pastor,Furgonetes,Altres nacionalitats,53
2019,9,Sant Andreu,59,el Bon Pastor,Camions,Nacionalitat espanyola,615
2019,9,Sant Andreu,59,el Bon Pastor,Camions,Altres nacionalitats,7
2019,9,Sant Andreu,59,el Bon Pastor,Altres vehicles,Nacionalitat espanyola,317
2019,9,Sant Andreu,59,el Bon Pastor,Altres vehicles,Altres nacionalitats,3
2019,9,Sant Andreu,60,Sant Andreu,Turismes,Nacionalitat espanyola,17391
2019,9,Sant Andreu,60,Sant Andreu,Turismes,Altres nacionalitats,674
2019,9,Sant Andreu,60,Sant Andreu,Motos,Nacionalitat espanyola,5887
2019,9,Sant Andreu,60,Sant Andreu,Motos,Altres nacionalitats,240
2019,9,Sant Andreu,60,Sant Andreu,Ciclomotors,Nacionalitat espanyola,1061
2019,9,Sant Andreu,60,Sant Andreu,Ciclomotors,Altres nacionalitats,88
2019,9,Sant Andreu,60,Sant Andreu,Furgonetes,Nacionalitat espanyola,1110
2019,9,Sant Andreu,60,Sant Andreu,Furgonetes,Altres nacionalitats,102
2019,9,Sant Andreu,60,Sant Andreu,Camions,Nacionalitat espanyola,275
2019,9,Sant Andreu,60,Sant Andreu,Camions,Altres nacionalitats,20
2019,9,Sant Andreu,60,Sant Andreu,Altres vehicles,Nacionalitat espanyola,347
2019,9,Sant Andreu,60,Sant Andreu,Altres vehicles,Altres nacionalitats,5
2019,9,Sant Andreu,61,la Sagrera,Turismes,Nacionalitat espanyola,8105
2019,9,Sant Andreu,61,la Sagrera,Turismes,Altres nacionalitats,440
2019,9,Sant Andreu,61,la Sagrera,Motos,Nacionalitat espanyola,2642
2019,9,Sant Andreu,61,la Sagrera,Motos,Altres nacionalitats,206
2019,9,Sant Andreu,61,la Sagrera,Ciclomotors,Nacionalitat espanyola,602
2019,9,Sant Andreu,61,la Sagrera,Ciclomotors,Altres nacionalitats,48
2019,9,Sant Andreu,61,la Sagrera,Furgonetes,Nacionalitat espanyola,463
2019,9,Sant Andreu,61,la Sagrera,Furgonetes,Altres nacionalitats,74
2019,9,Sant Andreu,61,la Sagrera,Camions,Nacionalitat espanyola,174
2019,9,Sant Andreu,61,la Sagrera,Camions,Altres nacionalitats,20
2019,9,Sant Andreu,61,la Sagrera,Altres vehicles,Nacionalitat espanyola,196
2019,9,Sant Andreu,61,la Sagrera,Altres vehicles,Altres nacionalitats,2
2019,9,Sant Andreu,62,el Congrés i els Indians,Turismes,Nacionalitat espanyola,3527
2019,9,Sant Andreu,62,el Congrés i els Indians,Turismes,Altres nacionalitats,247
2019,9,Sant Andreu,62,el Congrés i els Indians,Motos,Nacionalitat espanyola,1301
2019,9,Sant Andreu,62,el Congrés i els Indians,Motos,Altres nacionalitats,114
2019,9,Sant Andreu,62,el Congrés i els Indians,Ciclomotors,Nacionalitat espanyola,264
2019,9,Sant Andreu,62,el Congrés i els Indians,Ciclomotors,Altres nacionalitats,41
2019,9,Sant Andreu,62,el Congrés i els Indians,Furgonetes,Nacionalitat espanyola,258
2019,9,Sant Andreu,62,el Congrés i els Indians,Furgonetes,Altres nacionalitats,47
2019,9,Sant Andreu,62,el Congrés i els Indians,Camions,Nacionalitat espanyola,63
2019,9,Sant Andreu,62,el Congrés i els Indians,Camions,Altres nacionalitats,11
2019,9,Sant Andreu,62,el Congrés i els Indians,Altres vehicles,Nacionalitat espanyola,82
2019,9,Sant Andreu,62,el Congrés i els Indians,Altres vehicles,Altres nacionalitats,5
2019,9,Sant Andreu,63,Navas,Turismes,Nacionalitat espanyola,6095
2019,9,Sant Andreu,63,Navas,Turismes,Altres nacionalitats,410
2019,9,Sant Andreu,63,Navas,Motos,Nacionalitat espanyola,2267
2019,9,Sant Andreu,63,Navas,Motos,Altres nacionalitats,189
2019,9,Sant Andreu,63,Navas,Ciclomotors,Nacionalitat espanyola,438
2019,9,Sant Andreu,63,Navas,Ciclomotors,Altres nacionalitats,53
2019,9,Sant Andreu,63,Navas,Furgonetes,Nacionalitat espanyola,384
2019,9,Sant Andreu,63,Navas,Furgonetes,Altres nacionalitats,61
2019,9,Sant Andreu,63,Navas,Camions,Nacionalitat espanyola,96
2019,9,Sant Andreu,63,Navas,Camions,Altres nacionalitats,14
2019,9,Sant Andreu,63,Navas,Altres vehicles,Nacionalitat espanyola,141
2019,9,Sant Andreu,63,Navas,Altres vehicles,Altres nacionalitats,1
2019,10,Sant Martí,64,el Camp de l'Arpa del Clot,Turismes,Nacionalitat espanyola,9755
2019,10,Sant Martí,64,el Camp de l'Arpa del Clot,Turismes,Altres nacionalitats,772
2019,10,Sant Martí,64,el Camp de l'Arpa del Clot,Motos,Nacionalitat espanyola,4029
2019,10,Sant Martí,64,el Camp de l'Arpa del Clot,Motos,Altres nacionalitats,437
2019,10,Sant Martí,64,el Camp de l'Arpa del Clot,Ciclomotors,Nacionalitat espanyola,821
2019,10,Sant Martí,64,el Camp de l'Arpa del Clot,Ciclomotors,Altres nacionalitats,125
2019,10,Sant Martí,64,el Camp de l'Arpa del Clot,Furgonetes,Nacionalitat espanyola,706
2019,10,Sant Martí,64,el Camp de l'Arpa del Clot,Furgonetes,Altres nacionalitats,107
2019,10,Sant Martí,64,el Camp de l'Arpa del Clot,Camions,Nacionalitat espanyola,257
2019,10,Sant Martí,64,el Camp de l'Arpa del Clot,Camions,Altres nacionalitats,28
2019,10,Sant Martí,64,el Camp de l'Arpa del Clot,Altres vehicles,Nacionalitat espanyola,243
2019,10,Sant Martí,64,el Camp de l'Arpa del Clot,Altres vehicles,Altres nacionalitats,2
2019,10,Sant Martí,65,el Clot,Turismes,Nacionalitat espanyola,7323
2019,10,Sant Martí,65,el Clot,Turismes,Altres nacionalitats,498
2019,10,Sant Martí,65,el Clot,Motos,Nacionalitat espanyola,2640
2019,10,Sant Martí,65,el Clot,Motos,Altres nacionalitats,246
2019,10,Sant Martí,65,el Clot,Ciclomotors,Nacionalitat espanyola,597
2019,10,Sant Martí,65,el Clot,Ciclomotors,Altres nacionalitats,60
2019,10,Sant Martí,65,el Clot,Furgonetes,Nacionalitat espanyola,452
2019,10,Sant Martí,65,el Clot,Furgonetes,Altres nacionalitats,99
2019,10,Sant Martí,65,el Clot,Camions,Nacionalitat espanyola,141
2019,10,Sant Martí,65,el Clot,Camions,Altres nacionalitats,40
2019,10,Sant Martí,65,el Clot,Altres vehicles,Nacionalitat espanyola,160
2019,10,Sant Martí,65,el Clot,Altres vehicles,Altres nacionalitats,12
2019,10,Sant Martí,66,el Parc i la Llacuna del Poblenou,Turismes,Nacionalitat espanyola,4464
2019,10,Sant Martí,66,el Parc i la Llacuna del Poblenou,Turismes,Altres nacionalitats,387
2019,10,Sant Martí,66,el Parc i la Llacuna del Poblenou,Motos,Nacionalitat espanyola,1668
2019,10,Sant Martí,66,el Parc i la Llacuna del Poblenou,Motos,Altres nacionalitats,197
2019,10,Sant Martí,66,el Parc i la Llacuna del Poblenou,Ciclomotors,Nacionalitat espanyola,758
2019,10,Sant Martí,66,el Parc i la Llacuna del Poblenou,Ciclomotors,Altres nacionalitats,41
2019,10,Sant Martí,66,el Parc i la Llacuna del Poblenou,Furgonetes,Nacionalitat espanyola,591
2019,10,Sant Martí,66,el Parc i la Llacuna del Poblenou,Furgonetes,Altres nacionalitats,72
2019,10,Sant Martí,66,el Parc i la Llacuna del Poblenou,Camions,Nacionalitat espanyola,340
2019,10,Sant Martí,66,el Parc i la Llacuna del Poblenou,Camions,Altres nacionalitats,14
2019,10,Sant Martí,66,el Parc i la Llacuna del Poblenou,Altres vehicles,Nacionalitat espanyola,266
2019,10,Sant Martí,66,el Parc i la Llacuna del Poblenou,Altres vehicles,Altres nacionalitats,3
2019,10,Sant Martí,67,la Vila Olímpica del Poblenou,Turismes,Nacionalitat espanyola,3166
2019,10,Sant Martí,67,la Vila Olímpica del Poblenou,Turismes,Altres nacionalitats,352
2019,10,Sant Martí,67,la Vila Olímpica del Poblenou,Motos,Nacionalitat espanyola,1302
2019,10,Sant Martí,67,la Vila Olímpica del Poblenou,Motos,Altres nacionalitats,171
2019,10,Sant Martí,67,la Vila Olímpica del Poblenou,Ciclomotors,Nacionalitat espanyola,182
2019,10,Sant Martí,67,la Vila Olímpica del Poblenou,Ciclomotors,Altres nacionalitats,22
2019,10,Sant Martí,67,la Vila Olímpica del Poblenou,Furgonetes,Nacionalitat espanyola,212
2019,10,Sant Martí,67,la Vila Olímpica del Poblenou,Furgonetes,Altres nacionalitats,12
2019,10,Sant Martí,67,la Vila Olímpica del Poblenou,Camions,Nacionalitat espanyola,72
2019,10,Sant Martí,67,la Vila Olímpica del Poblenou,Camions,Altres nacionalitats,1
2019,10,Sant Martí,67,la Vila Olímpica del Poblenou,Altres vehicles,Nacionalitat espanyola,76
2019,10,Sant Martí,67,la Vila Olímpica del Poblenou,Altres vehicles,Altres nacionalitats,5
2019,10,Sant Martí,68,el Poblenou,Turismes,Nacionalitat espanyola,8844
2019,10,Sant Martí,68,el Poblenou,Turismes,Altres nacionalitats,920
2019,10,Sant Martí,68,el Poblenou,Motos,Nacionalitat espanyola,3288
2019,10,Sant Martí,68,el Poblenou,Motos,Altres nacionalitats,450
2019,10,Sant Martí,68,el Poblenou,Ciclomotors,Nacionalitat espanyola,688
2019,10,Sant Martí,68,el Poblenou,Ciclomotors,Altres nacionalitats,73
2019,10,Sant Martí,68,el Poblenou,Furgonetes,Nacionalitat espanyola,723
2019,10,Sant Martí,68,el Poblenou,Furgonetes,Altres nacionalitats,109
2019,10,Sant Martí,68,el Poblenou,Camions,Nacionalitat espanyola,242
2019,10,Sant Martí,68,el Poblenou,Camions,Altres nacionalitats,32
2019,10,Sant Martí,68,el Poblenou,Altres vehicles,Nacionalitat espanyola,242
2019,10,Sant Martí,68,el Poblenou,Altres vehicles,Altres nacionalitats,21
2019,10,Sant Martí,69,Diagonal Mar i el Front Marítim del Poblenou,Turismes,Nacionalitat espanyola,3533
2019,10,Sant Martí,69,Diagonal Mar i el Front Marítim del Poblenou,Turismes,Altres nacionalitats,535
2019,10,Sant Martí,69,Diagonal Mar i el Front Marítim del Poblenou,Motos,Nacionalitat espanyola,1310
2019,10,Sant Martí,69,Diagonal Mar i el Front Marítim del Poblenou,Motos,Altres nacionalitats,202
2019,10,Sant Martí,69,Diagonal Mar i el Front Marítim del Poblenou,Ciclomotors,Nacionalitat espanyola,134
2019,10,Sant Martí,69,Diagonal Mar i el Front Marítim del Poblenou,Ciclomotors,Altres nacionalitats,16
2019,10,Sant Martí,69,Diagonal Mar i el Front Marítim del Poblenou,Furgonetes,Nacionalitat espanyola,199
2019,10,Sant Martí,69,Diagonal Mar i el Front Marítim del Poblenou,Furgonetes,Altres nacionalitats,27
2019,10,Sant Martí,69,Diagonal Mar i el Front Marítim del Poblenou,Camions,Nacionalitat espanyola,78
2019,10,Sant Martí,69,Diagonal Mar i el Front Marítim del Poblenou,Camions,Altres nacionalitats,20
2019,10,Sant Martí,69,Diagonal Mar i el Front Marítim del Poblenou,Altres vehicles,Nacionalitat espanyola,88
2019,10,Sant Martí,69,Diagonal Mar i el Front Marítim del Poblenou,Altres vehicles,Altres nacionalitats,7
2019,10,Sant Martí,70,el Besòs i el Maresme,Turismes,Nacionalitat espanyola,4956
2019,10,Sant Martí,70,el Besòs i el Maresme,Turismes,Altres nacionalitats,911
2019,10,Sant Martí,70,el Besòs i el Maresme,Motos,Nacionalitat espanyola,1225
2019,10,Sant Martí,70,el Besòs i el Maresme,Motos,Altres nacionalitats,187
2019,10,Sant Martí,70,el Besòs i el Maresme,Ciclomotors,Nacionalitat espanyola,456
2019,10,Sant Martí,70,el Besòs i el Maresme,Ciclomotors,Altres nacionalitats,86
2019,10,Sant Martí,70,el Besòs i el Maresme,Furgonetes,Nacionalitat espanyola,402
2019,10,Sant Martí,70,el Besòs i el Maresme,Furgonetes,Altres nacionalitats,138
2019,10,Sant Martí,70,el Besòs i el Maresme,Camions,Nacionalitat espanyola,152
2019,10,Sant Martí,70,el Besòs i el Maresme,Camions,Altres nacionalitats,46
2019,10,Sant Martí,70,el Besòs i el Maresme,Altres vehicles,Nacionalitat espanyola,108
2019,10,Sant Martí,70,el Besòs i el Maresme,Altres vehicles,Altres nacionalitats,7
2019,10,Sant Martí,71,Provençals del Poblenou,Turismes,Nacionalitat espanyola,6173
2019,10,Sant Martí,71,Provençals del Poblenou,Turismes,Altres nacionalitats,597
2019,10,Sant Martí,71,Provençals del Poblenou,Motos,Nacionalitat espanyola,2015
2019,10,Sant Martí,71,Provençals del Poblenou,Motos,Altres nacionalitats,186
2019,10,Sant Martí,71,Provençals del Poblenou,Ciclomotors,Nacionalitat espanyola,449
2019,10,Sant Martí,71,Provençals del Poblenou,Ciclomotors,Altres nacionalitats,31
2019,10,Sant Martí,71,Provençals del Poblenou,Furgonetes,Nacionalitat espanyola,717
2019,10,Sant Martí,71,Provençals del Poblenou,Furgonetes,Altres nacionalitats,106
2019,10,Sant Martí,71,Provençals del Poblenou,Camions,Nacionalitat espanyola,253
2019,10,Sant Martí,71,Provençals del Poblenou,Camions,Altres nacionalitats,41
2019,10,Sant Martí,71,Provençals del Poblenou,Altres vehicles,Nacionalitat espanyola,448
2019,10,Sant Martí,71,Provençals del Poblenou,Altres vehicles,Altres nacionalitats,5
2019,10,Sant Martí,72,Sant Martí de Provençals,Turismes,Nacionalitat espanyola,7325
2019,10,Sant Martí,72,Sant Martí de Provençals,Turismes,Altres nacionalitats,452
2019,10,Sant Martí,72,Sant Martí de Provençals,Motos,Nacionalitat espanyola,2399
2019,10,Sant Martí,72,Sant Martí de Provençals,Motos,Altres nacionalitats,186
2019,10,Sant Martí,72,Sant Martí de Provençals,Ciclomotors,Nacionalitat espanyola,533
2019,10,Sant Martí,72,Sant Martí de Provençals,Ciclomotors,Altres nacionalitats,46
2019,10,Sant Martí,72,Sant Martí de Provençals,Furgonetes,Nacionalitat espanyola,471
2019,10,Sant Martí,72,Sant Martí de Provençals,Furgonetes,Altres nacionalitats,68
2019,10,Sant Martí,72,Sant Martí de Provençals,Camions,Nacionalitat espanyola,135
2019,10,Sant Martí,72,Sant Martí de Provençals,Camions,Altres nacionalitats,14
2019,10,Sant Martí,72,Sant Martí de Provençals,Altres vehicles,Nacionalitat espanyola,189
2019,10,Sant Martí,72,Sant Martí de Provençals,Altres vehicles,Altres nacionalitats,3
2019,10,Sant Martí,73,la Verneda i la Pau,Turismes,Nacionalitat espanyola,8451
2019,10,Sant Martí,73,la Verneda i la Pau,Turismes,Altres nacionalitats,510
2019,10,Sant Martí,73,la Verneda i la Pau,Motos,Nacionalitat espanyola,2281
2019,10,Sant Martí,73,la Verneda i la Pau,Motos,Altres nacionalitats,136
2019,10,Sant Martí,73,la Verneda i la Pau,Ciclomotors,Nacionalitat espanyola,667
2019,10,Sant Martí,73,la Verneda i la Pau,Ciclomotors,Altres nacionalitats,55
2019,10,Sant Martí,73,la Verneda i la Pau,Furgonetes,Nacionalitat espanyola,642
2019,10,Sant Martí,73,la Verneda i la Pau,Furgonetes,Altres nacionalitats,72
2019,10,Sant Martí,73,la Verneda i la Pau,Camions,Nacionalitat espanyola,224
2019,10,Sant Martí,73,la Verneda i la Pau,Camions,Altres nacionalitats,21
2019,10,Sant Martí,73,la Verneda i la Pau,Altres vehicles,Nacionalitat espanyola,166
2019,10,Sant Martí,73,la Verneda i la Pau,Altres vehicles,Altres nacionalitats,3
2019,NC,No consta,NC,No consta,Turismes,Nacionalitat espanyola,143
2019,NC,No consta,NC,No consta,Turismes,Altres nacionalitats,12
2019,NC,No consta,NC,No consta,Motos,Nacionalitat espanyola,84
2019,NC,No consta,NC,No consta,Motos,Altres nacionalitats,6
2019,NC,No consta,NC,No consta,Ciclomotors,Nacionalitat espanyola,62
2019,NC,No consta,NC,No consta,Ciclomotors,Altres nacionalitats,2
2019,NC,No consta,NC,No consta,Furgonetes,Nacionalitat espanyola,25
2019,NC,No consta,NC,No consta,Camions,Nacionalitat espanyola,10
2019,NC,No consta,NC,No consta,Altres vehicles,Nacionalitat espanyola,3
